<?xml version="1.0" encoding="UTF-8"?>
<project-private xmlns="http://www.netbeans.org/ns/project-private/1">
    <editor-bookmarks xmlns="http://www.netbeans.org/ns/editor-bookmarks/2" lastBookmarkId="0"/>
    <open-files xmlns="http://www.netbeans.org/ns/projectui-open-files/2">
        <group>
            <file>file:/D:/vivek/allProgram/Vote4Change/src/java/evoting/dto/CandidateDto.java</file>
            <file>file:/D:/vivek/allProgram/Vote4Change/web/manageuser.jsp</file>
            <file>file:/D:/vivek/allProgram/Vote4Change/src/java/evoting/dao/UserDAO.java</file>
            <file>file:/D:/vivek/allProgram/Vote4Change/src/java/evoting/dto/UserData.java</file>
            <file>file:/D:/vivek/allProgram/Vote4Change/src/java/evoting/dao/CandidateDao.java</file>
        </group>
    </open-files>
</project-private>
